{
    "accuracy": 0.9380692167577414,
    "precision": 0.7746478873239436,
    "recall": 0.7534246575342466,
    "auc": 0.9229020375273396
}
