{
    "accuracy": 0.9518518518518518,
    "precision": 0.8538461538461538,
    "recall": 0.7708333333333334,
    "auc": 0.9390543387939222
}
